自动步枪,,,,,,,,,,,,,,
🖼️,名字,赛季,属性,框架,弹药,可获取,Perk,Perk,Perk 1,Perk 2,原始特性,注释,Rank,Tier
,毫不迟疑,29,烈日,支援,54,是,全口径枪膛,精确弹药,"医治
燃烧野心","混沌重塑
羸弱能量球
辉耀炽热",庄家之选,任意职业都能按需生存，仁善协同,1,S
,迪凯特02,29,冰影,支援,54,是,全口径枪膛,精确弹药,"医治
羸弱能量球
结晶残花","互惠
武器大师
转向",腐臭弹药,寒霜护甲不如恢复，但perk分布不错,2,S
,鲁莽神谕,29,虚空,速射,54,是,"槽化枪管
箭头制退器","广口弹匣
合金弹匣",,,,,4,S
,"鲁莽神谕
万神殿版本",29,虚空,速射,54,是,"槽化枪管
箭头制退器","广口弹匣
合金弹匣","失衡弹药
维度偏移
集体爆破","冲击支撑
混沌重塑
枯萎凝视",椭圆轨道,所有相关虚空perk外加混沌重塑，全面出色,,
弓箭,,,,,,,,,,,,,,
🖼️,名字,赛季,属性,框架,弹药,可获取,Perk,Perk,Perk 1,Perk 2,原始特性,注释,Rank,Tier
,牡鹿之角,29,电弧,精密,53,是,弹性弓弦,精巧箭杆,蜻蜓,"伏特子弹
弓手的智谋",万能卡牌,终焉未至但带有万能卡牌,1,S
,刺骨寒风,29,动能,精密,54,是,弹性弓弦,精巧箭杆,"迷惑爆发
即兴弹药
弓手节奏","动能震颤
爆炸箭头",御寒装备,不知何故比累积救赎更好,2,S
,恶意尖牙,29,冰影,轻质,66,是,弹性弓弦,精巧箭杆,"墓碑
霜华窃取者","萤火虫
结晶残花
弓手的智谋",煅炉眷属,冰火组合，但放在弓箭上,3,S
,终焉未至,29,电弧,精密,58,是,弹性弓弦,精巧箭杆,"蜻蜓
风暴涌动
边打边劫","伏特子弹
混沌重塑
巨脉蜻蜓",集体使命,双重溅射优先于箭矢可用时间实用性的典型例子,4,S
,累积救赎,29,动能,精密,60,是,弹性弓弦,精巧箭杆,"羸弱能量球
弓手节奏","动能震颤
萤火虫
弓手的智谋",光抑制,优秀的能量球生成器，动能震颤成长也扎实,5,S
手炮,,,,,,,,,,,,,,
🖼️,名字,赛季,属性,框架,弹药,可获取,Perk,Perk,Perk 1,Perk 2,原始特性,注释,Rank,Tier
,克洛塔之语,29,虚空,精密,52,是,槽化枪管,"广口弹匣
合金弹匣","冲击支撑
蜻蜓",失衡弹药,诅咒怨魂,优秀框架，出色perk，惊艳起源特质,1,S
,艾恩伍德03,29,虚空,散射,50,是,枪管套筒,"广口弹匣
合金弹匣","冲击支撑
维度偏移
爆破专家","失衡弹药
腹背受敌
武器大师",腐臭弹药,优秀框架上有优秀虚空组合和其他替代perk,2,S
,后代,29,电弧,精密,53,是,槽化枪管,"广口弹匣
合金弹匣",伏特子弹,"狂乱
转向
高爆载荷",布瑞遗产,优秀框架，溅射加伤害，稳定起源特质,3,S
,改装B-7手枪,28,冰影,动态（180RPM）,54,是,槽化枪管,"轻型散热器
超频散热器","萤火虫
霜华窃取者
快速命中","墓碑
结晶残花",加速突击,比庄严追忆更好且能使用结晶残花,4,S
脉冲步枪,,,,,,,,,,,,,,
🖼️,名字,赛季,属性,框架,弹药,可获取,Perk,Perk,Perk 1,Perk 2,原始特性,注释,Rank,Tier
,狼掌,29,虚空,速射,46,是,"槽化枪管
箭头制退器","广口弹匣
合金弹匣",冲击支撑,"失衡弹药
羸弱能量球",藏匿之狼,与格网队长类似但起源更好,1,S
,乔科斯的长剑,29,虚空,重型点射,49,是,槽化枪管,"广口弹匣
合金弹匣","冲击支撑
蜻蜓
边打边劫","失衡弹药
瓦解
枯萎凝视",加速突击,优秀起源，虚空perk多样性，能获得枯萎凝视,2,S
,格网队长,29,虚空,速射,55,是,"槽化枪管
箭头制退器","广口弹匣
合金弹匣","冲击支撑
瓦解",失衡弹药,熔岩激涌,优秀的虚空组合加上该主武器类型的稳定起源,3,S
,无足雨燕,28,虚空,轻质,56,是,"槽化枪管
箭头制退器","广口弹匣
合金弹匣","萤火虫
冲击支撑",失衡弹药,轻捷脚步,格网队长的弱化版，起源/框架较差，但有萤火虫选项,4,S
,作废,24,烈日,重型点射,51,是,槽化枪管,"广口弹匣
合金弹匣","萤火虫
治疗弹匣
燃烧野心","辉耀炽热
混沌重塑
巨脉蜻蜓",集体使命,优秀框架，双重溅射，多样perk，但起源一般,5,S
,溪谷-X,29,虚空,激进爆弹,54,是,"槽化枪管
箭头制退器","广口弹匣
合金弹匣","冲击支撑
瓦解","失衡弹药
枯萎凝视
萤火虫",先锋决心,经典虚空搭配，可配合枯萎凝视，起源和框架尚可,6,S
,高阶暴君,28,虚空,平衡（540RPM）,58,是,"槽化枪管
箭头制退器","轻型散热器
超频散热器","失衡弹药
冲击支撑
顺畅换弹","巨脉蜻蜓
瓦解
狂乱",帝国效忠,可惜Destab在第一列，但双重溅射很好,7,S
手枪,,,,,,,,,,,,,,
🖼️,名字,赛季,属性,框架,弹药,可获取,Perk,Perk,Perk 1,Perk 2,原始特性,注释,Rank,Tier
,傍晚SI4,28,烈日,适配点射,47,是,"槽化枪管
箭头制退器","广口弹匣
合金弹匣","治疗弹匣
即兴弹药","辉耀炽热
燃烧野心
铤而走险",加速突击,与突进非常相似，只是框架不同（看个人喜好）,1,S
,下班时刻,29,烈日,速射,65,是,"槽化枪管
箭头制退器","广口弹匣
合金弹匣",治疗弹匣,"辉耀炽热
巨脉蜻蜓",加速突击,好的框架类型，优秀的弹药生成，稳定的perk，优秀起源,2,S
,突进,27,烈日,长相聚,50,是,"槽化枪管
箭头制退器","广口弹匣
合金弹匣","治疗弹匣
顺畅换弹
集体拳击","辉耀炽热
燃烧野心
武器大师",先锋决心,日心QSc的升级版，起源更好且perk更多样,3,S
,袖珍卫士,28,虚空,动态（360RPM）,54,是,"槽化枪管
箭头制退器","轻型散热器
超频散热器",失衡弹药,"冲击支撑
狂乱",加速突击,动态框架配最佳虚空组合,4,S
,黄铜攻击,29,虚空,重型点射,40,是,"槽化枪管
箭头制退器","广口弹匣
合金弹匣","冲击支撑
即兴弹药","失衡弹药
瓦解",陆地坦克,这把手枪几乎没有什么可改进的,5,S
,第七炽天使SI-2,29,虚空,轻质,31,是,"槽化枪管
箭头制退器","广口弹匣
合金弹匣
六翼天使弹药","失衡弹药
维度偏移","巨脉蜻蜓
冲击支撑
瓦解",注意了,优秀的虚空perk，不错的起源，好的框架类型,6,S
,日心QSc,29,烈日,轻质,29,是,"槽化枪管
箭头制退器","广口弹匣
合金弹匣","治疗弹匣
爆破专家","辉耀炽热
狂乱
腹背受敌",绝路专注,最好的治疗弹匣+辉耀炽热武器之一，可惜起源一般,7,S
,难以逾越,29,虚空,精密,32,是,"槽化枪管
箭头制退器","广口弹匣
合金弹匣","冲击支撑
空中扳机
羸弱能量球","失衡弹药
腹背受敌",黑暗乙太收割者,最佳虚空组合，优秀起源，可惜框架,8,S
斥候步枪,,,,,,,,,,,,,,
🖼️,名字,赛季,属性,框架,弹药,可获取,Perk,Perk,Perk 1,Perk 2,原始特性,注释,Rank,Tier
,无视,29,电弧,速射,51,是,槽化枪管,"广口弹匣
合金弹匣","萤火虫
风暴涌动","伏特子弹
狂乱
换挡",征服,优秀的双重溅射，最佳框架上还有惊艳的主武器起源,1,S
,允诺,29,虚空,轻质,51,是,槽化枪管,"广口弹匣
合金弹匣","冲击支撑
维度偏移
边打边劫","失衡弹药
枯萎凝视
高爆载荷",高级反射,整体实用性和虚空生存能力最强的斥候步枪,2,S
,受托,12,烈日,速射,56,是,槽化枪管,"广口弹匣
合金弹匣",治疗弹匣,"燃烧野心
辉耀炽热",布瑞遗产,整体套装出色的斥候步枪，并且有起源协同,3,S
,伏打阴影,28,电弧,平衡（260RPM）,59,是,槽化枪管,"轻型散热器
超频散热器","震颤反馈
快速命中
边打边劫","伏特子弹
巨脉蜻蜓
狂乱",帝国效忠,不错的双重溅射，框架类型扎实,4,S
,艾莎之拥,27,虚空,速射,50,是,槽化枪管,"广口弹匣
合金弹匣","瓦解
快速命中
边打边劫","失衡弹药
铤而走险
枯萎凝视",战斗咆哮,双重溅射且可选边打边劫，框架不错，只是起源一般,5,S
,切尔奇斯的末日,29,虚空,精密,54,是,槽化枪管,"广口弹匣
合金弹匣","失衡弹药
萤火虫
高爆载荷","巨脉蜻蜓
冲击支撑
枯萎凝视",火力满溢,失衡弹药 + 巨脉蜻蜓相当强力，其他方面也不错，但框架一般,6,S
,无感,29,电弧,精密,56,是,槽化枪管,"广口弹匣
合金弹匣","伏特子弹
风暴涌动","巨脉蜻蜓
高爆载荷",煅炉眷属,不错的双重溅射，但起源和框架都不如无视,7,S
微型冲锋枪,,,,,,,,,,,,,,
🖼️,名字,赛季,属性,框架,弹药,可获取,Perk,Perk,Perk 1,Perk 2,原始特性,注释,Rank,Tier
,多机系统CCX,29,动能,轻质,64,是,"槽化枪管
箭头制退器","广口弹匣
合金弹匣","羸弱能量球
迷惑爆发
阻止力","动能震颤
武器大师",藏匿之狼,高易用性形式下实用性最高的主武器之一,1,S
,岁时之巅,27,烈日,轻质,69,是,"槽化枪管
箭头制退器","广口弹匣
合金弹匣","治疗弹匣
羸弱能量球
爆破专家","辉耀炽热
混沌重塑
燃烧野心",特克斯平衡枪托,毕业级烈日perk，起源尚可但框架组合出色,2,S
,不可饶恕,29,虚空,攻击,34,是,"槽化枪管
箭头制退器","广口弹匣
合金弹匣","失衡弹药
羸弱能量球","冲击支撑
混沌重塑
维度偏移",苦涩怨恨,独特的失衡弹药+混沌重塑组合，其他方面也相当不错,3,S
,隐士,29,虚空,轻质,67,是,"槽化枪管
箭头制退器","广口弹匣
合金弹匣","冲击支撑
维度偏移
集体拳击","失衡弹药
混沌重塑",不屈不挠,经典虚空组合的最佳框架类型和起源搭配,4,S
,M-17“快嘴”,28,冰影,平衡（900RPM）,69,是,"槽化枪管
箭头制退器","轻型散热器
超频散热器","羸弱能量球
冷却饰物
爆破专家","目标锁定
结晶残花",加速突击,动能栏位的毕业级PK选项，可能也是最好的冰影冲锋枪,5,S
,奇特魅力,28,动能,激进爆弹,43,是,"槽化枪管
箭头制退器","广口弹匣
合金弹匣","羸弱能量球
阻止力
边打边劫","动能震颤
迷惑爆发
萤火虫",无,AO触发和弹药生成比多机系统差，但伤害更高,6,S
,米达迷你,27,烈日,米达加成,70,是,"槽化枪管
箭头制退器","广口弹匣
合金弹匣","治疗弹匣
羸弱能量球
顺畅换弹","辉耀炽热
燃烧野心
集体拳击",先锋决心,基本上是岁时之巅的弱化版，第二列和起源更差,7,S
,无人幸存,29,烈日,攻击,32,是,"槽化枪管
箭头制退器","广口弹匣
合金弹匣","治疗弹匣
羸弱能量球
燃烧野心",辉耀炽热,恢复仪式,相当扎实的烈日组合冲锋枪，也能获得燃烧野心和辉耀炽热,8,S
,驯顺,29,动能,轻质,65,是,"槽化枪管
箭头制退器","广口弹匣
合金弹匣",动能震颤,混沌重塑,灵魂饮者,优秀的生存能力起源+perk组合，优秀框架搭配动能震颤,9,S
,越界,29,电弧,轻质,47,是,"槽化枪管
箭头制退器","广口弹匣
合金弹匣",伏特子弹,震颤反馈,加速突击,可能已经是电弧冲锋枪最好的了，只差AO,10,S
,超前,27,电弧,适配,42,是,"槽化枪管
箭头制退器","广口弹匣
合金弹匣","蜻蜓
回转弹药
风暴涌动","震颤反馈
目标锁定
铤而走险",参考框架,没有实用perk，但PK流毕业，优秀的清怪武器，框架扎实,11,S
,力拔头筹,29,虚空,攻击,34,是,"槽化枪管
箭头制退器","广口弹匣
合金弹匣","冲击支撑
威胁探测","失衡弹药
腹背受敌",Häkke突入武装,框架类型比隐士差，换弹perk也稍差,12,S
,紧急求生包,29,虚空,适配,42,是,"槽化枪管
箭头制退器","广口弹匣
合金弹匣","冲击支撑
羸弱能量球",失衡弹药,边打边跑,还行的虚空组合冲锋枪，不算出众,13,S
榴弹发射器,,,,,,,,,,,,,,
🖼️,名字,赛季,属性,框架,弹药,可获取,Perk,Perk,Perk 1,Perk 2,原始特性,注释,Rank,Tier
,VS速度指挥,29,虚空,区域拒止,69,是,高速发射,高速弹药,"冲击支撑
维度偏移
重建","失衡弹药
连锁反应
羸弱能量球",布瑞遗产,毕业级的清怪+实用区域拒止武器，起源特质出色，现在伤害也可观,1,S
,驱逐引擎,29,冰影,区域拒止,58,是,高速发射,高速弹药,"空中扳机
爆破分配器
自动填装枪套","混沌重塑
结晶残花
连锁反应",加速突击,也有霜华窃取者，perk分布出色,2,S
,送魂者,29,电弧,区域拒止,70,是,高速发射,高速弹药,"自动填装枪套
爆破分配器
即兴弹药","聚合充能
伏特子弹
羸弱能量球",异端行径,最好的非生存区域拒止武器,3,S
,庆典飞行,27,缚丝,区域拒止,69,是,高速发射,高速弹药,"嫉妒军械库
爆破分配器
切割","元素磨砺
我为人人
羸弱能量球",梦想差事,出色的实用性和弹药生成潜力，优秀的首领伤害perk,4,S
,机巧纬线,28,缚丝,微型导弹,70,是,高速发射,"高速弹药
尖刺榴弹
内爆弹药","空中扳机
滑行射击
嫉妒军械库","双脚架
聚合充能
元素磨砺",Häkke突入武装,双脚架选项对移动有趣，也是毕业级的切换榴弹发射器,5,S
,铭纹-41,28,烈日,区域拒止,59,是,高速发射,高速弹药,"自动填装枪套
泉源
脉冲增幅器","辉耀炽热
武器大师
羸弱能量球",Suros协同,多功能，但相比其他区域拒止武器没有特别突出的长处,6,S
,迷失信号,29,冰影,区域拒止,63,是,高速发射,高速弹药,"自动填装枪套
金中藏弹","斩首武器
爆破专家
我为人人",活性放射体液转换器,极高易用性黑暗超凡构建者,7,S
,经纬仪,27,电弧,微型导弹,69,是,高速发射,"高速弹药
尖刺榴弹
内爆弹药","重建
爆破分配器
涡流电流","元素磨砺
伏特子弹
狂乱",问题解决者,轻松两弹匣用于移动，伏特子弹清怪还不错,8,S
融合步枪,,,,,,,,,,,,,,
🖼️,名字,赛季,属性,框架,弹药,可获取,Perk,Perk,Perk 1,Perk 2,原始特性,注释,Rank,Tier
,笛卡尔坐标,29,烈日,速射,49,是,"槽化枪管
箭头制退器","加速线圈
强化电池","重建
嫉妒军械库
失调协议","聚合充能
受控连射
洪涝",老兵睿智,最佳清怪融合步枪，除框架外伤害也扎实,1,S
,零镇静,29,虚空,速射,55,是,"槽化枪管
箭头制退器","加速线圈
强化电池","丰盈满溢
重建
嫉妒军械库","元素磨砺
受控连射
洪涝",加速突击,最佳能量速射DPS融合步枪,2,S
,信标,28,烈日,速射,54,是,"槽化枪管
箭头制退器","加速线圈
强化电池","回转弹药
金中藏弹
爆破专家","诱导推销
受控连射
解构",优秀竞争者,没有加速突击，但perk比所有速射型都好,3,S
,激流,28,冰影,速射,46,是,"槽化枪管
箭头制退器","加速线圈
强化电池","自动填装枪套
丰盈满溢","冰冷弹匣
受控连射",加速突击,加速突击可能胜过狮子鱼的多功能性,4,S
,狮子鱼-4fr,27,冰影,速射,52,是,"槽化枪管
箭头制退器","加速线圈
强化电池","重建
金中藏弹","冰冷弹匣
受控连射
元素磨砺",问题解决者,最佳框架上的毕业级实用性与伤害融合步枪，只缺少回转弹药,5,S
,渐速音-42,29,缚丝,精密,31,是,"槽化枪管
箭头制退器","加速线圈
强化电池","丰盈满溢
切割","聚合充能
受控连射
腹背受敌",羽量,具有更好框架和第二列的散射信号,6,S
,散射信号,29,缚丝,速射,52,是,"槽化枪管
箭头制退器","加速线圈
强化电池","丰盈满溢
切割",受控连射,龙之复仇,切割perk在某些情况下有用，丰盈满溢仍有不错协同,7,S
追踪步枪,,,,,,,,,,,,,,
🖼️,名字,赛季,属性,框架,弹药,可获取,Perk,Perk,Perk 1,Perk 2,原始特性,注释,Rank,Tier
,无誓,29,缚丝,追踪步枪,47,是,槽化枪管,强化电池,"边打边劫
撕裂
集体拳击","混沌重塑
引爆光束
幼雏",征服,可能已经是动能栏位的极限水平，perk + 起源都很出色,1,S
,时间食者,29,虚空,追踪步枪,37,是,槽化枪管,强化电池,"边打边劫
冲击支撑","失衡弹药
爆破专家
铤而走险",活性放射体液转换器,边打边劫 + 实用性/溅射选项，在低阶内容中起源特性很强,2,S
,雷电,28,电弧,追踪步枪,44,是,槽化枪管,强化电池,"边打边劫
事不过四","连锁反应
风暴涌动
引爆光束",优秀竞争者,边打边劫 + 连锁反应是整体最佳追踪步枪 Roll，也可用事不过四 + 目标锁定来打“伤害”,3,S
,回溯路径,15,烈日,追踪步枪,47,是,槽化枪管,强化电池,边打边劫,"爆破专家
狂乱
辉耀炽热",热切换,被时间食者盖过，但 perk 仍然不错,4,A
,阿卡西娅的沮丧,29,烈日,追踪步枪,49,是,槽化枪管,强化电池,"燃烧野心
重建
沙场备战","混沌重塑
辉耀炽热
引爆光束",和谐回声,游戏中最好的非边打边劫追踪步枪,5,A
,低阻之道,19,电弧,追踪步枪,41,是,槽化枪管,强化电池,边打边劫,伏特子弹,伏击,手感出色，但客观上不如时间食者,6,A
,门齿,24,缚丝,追踪步枪,60,是,槽化枪管,强化电池,切割,"羸弱能量球
幼雏",宁静一刻,唯一带切割的追踪步枪，在特定终局场景中可用,7,A
,行动项目,28,冰影,追踪步枪,41,是,槽化枪管,强化电池,"解构
爆破专家
霜华窃取者","结晶残花
引爆光束
墓碑",锤子敲钉,最佳冰影协同追踪步枪，除此之外实用性不多,8,A
偃月,,,,,,,,,,,,,,
🖼️,名字,赛季,属性,框架,弹药,护盾,Perk,Perk,Perk 1,Perk 2,原始特性,注释,Rank,Tier
,倾斜角度,29,冰影,攻击,31,42,"轻量发生器
辅助弹药储量","附加弹匣
切换弹匣","丰盈满溢
脉冲增幅器
金中藏弹","冰冷弹匣
紧逼近战",问题解决者,快速两发冻结，实用perk阵容出色，可用紧逼近战,1,S
,拒绝召唤,29,缚丝,适配,44,44,"轻量发生器
辅助弹药储量","附加弹匣
切换弹匣","切割
紧逼近战
连锁反应","混沌重塑
超级杀戮弹匣
补足神盾",异端行径,唯一带切割的偃月，非常独特的perk组合,2,S
,偏异将临,29,虚空,速射,65,28,"轻量发生器
辅助弹药储量","附加弹匣
切换弹匣","冲击支撑
维度偏移
脉冲增幅器","失衡弹药
紧逼近战
混沌重塑",集体使命,唯一能获得混沌重塑的偃月，中立perk也扎实,3,S
,苍鹭,28,虚空,攻击,52,39,"轻量发生器
辅助弹药储量","附加弹匣
切换弹匣","冲击支撑
瓦解破裂
金中藏弹","失衡弹药
紧逼近战
转向",锤子敲钉,可能是科技部4件套的毕业搭配,4,S
,鲁布瑞之厄,29,烈日,适配,40,40,"轻量发生器
辅助弹药储量","附加弹匣
切换弹匣","紧逼近战
盗墓者
狂乱","混沌重塑
辉耀炽热
不屈",灵魂饮者,不是最好的灵魂饮者使用者，但整体配置不错,5,S
,奈扎雷克的耳语,29,电弧,适配,50,42,"轻量发生器
辅助弹药储量","附加弹匣
切换弹匣","爆破专家
脉冲增幅器
金中藏弹",狂乱,外向活泼,外向活泼可由近战击杀触发，中立perk也不错,6,S
,黄道卷线杆,29,虚空,适配,41,47,"轻量发生器
辅助弹药储量","附加弹匣
切换弹匣","冲击支撑
脉冲增幅器
瓦解破裂","紧逼近战
失衡弹药
混沌重塑",先锋决心,万金油，也能获得枯萎凝视,7,S
,滑溜运气,29,烈日,速射,64,18,"轻量发生器
辅助弹药储量","附加弹匣
切换弹匣","混沌重塑
重建
治疗弹匣","紧逼近战
超级杀戮弹匣
连锁反应",恢复仪式,混沌重塑和扎实的第二列,8,S
,谜团,29,虚空,适配,45,45,"轻量发生器
辅助弹药储量","附加弹匣
切换弹匣","脉冲增幅器
金中藏弹","紧逼近战
狂乱",心灵骇入,稳定起源特质和直观易用性perk，护盾持续时间出色,9,S
霰弹枪,,,,,,,,,,,,,,
🖼️,名字,赛季,属性,框架,弹药,可获取,Perk,Perk,Perk 1,Perk 2,原始特性,注释,Rank,Tier
,完美悖论,29,动能,速射,54,是,枪管套筒,战术弹匣,"拳击手
阻止力
迷惑爆发","雪上加霜
战嚎炮管
全明星",光照无影,最常见霰弹枪用例的毕业级霰弹枪,1,S
,遗产,12,动能,精确重击,49,是,槽化枪管,突击弹匣,"转向
重建
爆破专家","重组
聚合充能
级联点",布瑞遗产,游戏中最高爆发霰弹枪,2,S
,无声,29,虚空,精确重击,46,是,槽化枪管,突击弹匣,"转向
事不过四","诱导推销
斩首武器",征服,小众的转向爆发加总伤害独头弹,3,S
,裁决定论,29,电弧,攻击,34,是,枪管套筒,突击弹匣,"聚合充能
失调协议","战嚎炮管
元素磨砺
换挡",失时弹匣,最佳战嚎炮管双重伤害连发攻击框架,4,S
,固定低音,29,虚空,速射,50,是,枪管套筒,战术弹匣,"盗墓者
失调协议
爆破专家","雪上加霜
失衡弹药
战嚎炮管",纳米技术追踪导弹,起源提供免费伤害，最佳能量12P选项，可替代失调协议,5,S
,一小步,29,冰影,速射,53,是,枪管套筒,战术弹匣,"盗墓者
金中藏弹","雪上加霜
战嚎炮管",减员激励,完美悖论替代品,6,S
,威胁等级,29,动能,速射,52,是,枪管套筒,战术弹匣,"盗墓者
雪上加霜
级联点","混沌重塑
战嚎炮管
元素磨砺",椭圆轨道,毕业级动能散弹爆发和单弹匣近战伤害,7,S
,IKELOS_SG_v1.0.3,29,烈日,速射,60,是,枪管套筒,战术弹匣,"盗墓者
威胁探测
拳击手","雪上加霜
腹背受敌
级联点",拉斯普廷军械库,12P和游击的出色perk,8,S
狙击枪,,,,,,,,,,,,,,
🖼️,名字,赛季,属性,框架,弹药,可获取,Perk,Perk,Perk 1,Perk 2,原始特性,注释,Rank,Tier
,舵手,29,电弧,高冲击,43,是,槽化枪管,加大弹匣,"高爆载荷
失调协议","元素磨砺
换挡",加速突击,需要测试,,
,普莱蒂斯的复仇,29,动能,速射,60,是,槽化枪管,战术弹匣,"聚合充能
事不过四
动能震颤","元素磨砺
诱导推销
萤火虫",失时弹匣,起源与事不过四协同极强，整体都是毕业级perk,1,S
,阴谋淬砺,28,冰影,动态（140RPM）,43,是,槽化枪管,"电离散热器
超频散热器",斩首武器,诱导推销,帝国效忠,双perk快排气风格爆发狙击枪，但没有弹药生成perk,2,S
,转瞬长矛,27,缚丝,速射,54,是,槽化枪管,战术弹匣,"事不过四
嫉妒军械库
金中藏弹","诱导推销
元素磨砺
转向",参考框架,类似普莱蒂斯的复仇，但更专注爆发，适用性较低,3,S
,快速增长,29,电弧,速射,45,是,槽化枪管,战术弹匣,事不过四,"聚合充能
换挡",梦想差事,毕业级能量爆发狙击枪,4,S
,全知之眼,29,烈日,速射,44,是,槽化枪管,战术弹匣,"事不过四
嫉妒军械库",元素磨砺,光抑制,快速增长的烈日替代品,5,S
,巴拉巴拉,28,动能,攻击,37,是,槽化枪管,加大弹匣,"精准连击
失调协议","元素磨砺
全明星
粘附弹药",加速突击,因加速突击而优于继承,6,S
微型导弹手枪,,,,,,,,,,,,,,
🖼️,名字,赛季,属性,框架,弹药,可获取,Perk,Perk,Perk 1,Perk 2,原始特性,注释,Rank,Tier
,食莲者,29,虚空,微型导弹框架,42,是,"高速发射
高爆弹药",广口弹匣,"冲击支撑
维度偏移
空中扳机","失衡弹药
枯萎凝视
腹背受敌",先锋决心,最佳元素perk组合，也有一些其他实用选项,1,S
,重现记忆,27,烈日,微型导弹框架,40,是,"高速发射
高爆弹药","战术弹匣
高爆弹药
广口弹匣","治疗弹匣
金中藏弹
即兴弹药","辉耀炽热
转向
铤而走险",坚韧,全面出色的perk，起源特质扎实,2,S
,极高反射,29,动能,微型导弹框架,47,是,"高速发射
高爆弹药",战术弹匣,"金中藏弹
阻止力
爆破分配器","动能震颤
全明星
重组",御寒装备,辅助炸药也不错，perk分布非常扎实,3,S
,反常行动,29,烈日,微型导弹框架,37,是,"高速发射
高爆弹药",高爆弹药,"治疗弹匣
沙场备战","辉耀炽热
爆破专家",活性放射体液转换器,起源比重现记忆更好，但替代perk更差,4,S
,宣召呼唤,29,缚丝,微型导弹框架,25,是,"高速发射
高爆弹药",战术弹匣,"切割
金中藏弹
脉冲增幅器","混沌重塑
幼雏",庄家之选,唯一带切割的火箭手枪，起源和实用perk不错,5,S
,提娜莎精通,29,冰影,微型导弹框架,46,是,"高速发射
高爆弹药",高爆弹药,"空中扳机
脉冲增幅器
顺畅换弹","冰冷弹匣
腹背受敌
铤而走险",藏匿之狼,优秀弹药生成器，扎实perk和不错起源,6,S
,蒙恩,29,电弧,微型导弹框架,37,是,"高速发射
高爆弹药",高爆弹药,"空中扳机
信标弹药
解构","伏特子弹
连锁反应
换挡",分离,不错的伏特子弹使用者，金中藏弹也值得肯定，起源较吃场景,7,S
,事故,27,电弧,微型导弹框架,37,是,"高速发射
高爆弹药",附加弹匣,"金中藏弹
脉冲增幅器
信标弹药","震颤反馈
风暴涌动
武器大师",先锋决心,除了可强化perk外不如蒙恩,8,A
榴弹发射器,,,,,,,,,,,,,,
🖼️,名字,赛季,属性,框架,弹药,可获取,Perk,Perk,Perk 1,Perk 2,原始特性,注释,Rank,Tier
,VS寒冷抑制,29,冰影,速射,50,是,高速发射,尖刺榴弹,"嫉妒军械库
级联点
冰冷弹匣","聚合充能
元素磨砺
腹背受敌",布瑞遗产,几乎拥有重型榴弹发射器所有可能的毕业级perk，起源也不错,1,S
,"边缘交通
BRAVE版本",29,虚空,适配,38,是,高速发射,"尖刺榴弹
粘性榴弹","嫉妒军械库
级联点
连锁反应","元素磨砺
爆炸光能
诱导推销",不屈不挠,能获得粘性榴弹和爆炸光能，也有级联点,2,S
,永存者,27,缚丝,速射,49,是,高速发射,"尖刺榴弹
微型榴弹",嫉妒军械库,"聚合充能
诱导推销
元素磨砺",参考框架,最佳非级联点加伤害perk的速射重型榴弹发射器选项,3,S
,科拉西斯的苦恼,29,缚丝,速射,50,是,高速发射,"尖刺榴弹
微型榴弹","嫉妒军械库
连锁反应","诱导推销
混沌重塑
腹背受敌",和谐回声,整体扎实的爆发榴弹发射器，基本不缺什么,4,S
,时运无常,27,烈日,速射,40,是,高速发射,尖刺榴弹,"嫉妒军械库
辉耀炽热","诱导推销
爆炸光能
连锁反应",问题解决者,免费触发的起源特质 + 扎实伤害perk + 好框架类型,5,S
,爱与死亡,29,烈日,压缩波形,40,是,高速发射,尖刺榴弹,"嫉妒军械库
级联点
即兴弹药","聚合充能
元素磨砺
连锁反应",减员激励,常规perk池出色，也有清怪替代perk,6,S
线性融合步枪,,,,,,,,,,,,,,
🖼️,名字,赛季,属性,框架,弹药,可获取,Perk,Perk,Perk 1,Perk 2,原始特性,注释,Rank,Tier
,揭纱露眼,29,虚空,精密,45,是,槽化枪管,"加速线圈
强化电池","事不过四
超级杀戮弹匣",元素磨砺,异端行径,线性融合步枪伤害方面有出色perk和起源,1,S
,灾变,29,烈日,精密,37,是,槽化枪管,"加速线圈
强化电池",事不过四,"聚合充能
元素磨砺
诱导推销",灵魂饮者,作为精准线性，伤害perk分布出色,2,S
,蔷薇的蔑视,29,烈日,适配点射,39,是,箭头制退器,"加速线圈
强化电池",回转弹药,"聚合充能
混沌重塑
腹背受敌",和谐回声,最佳适配点射线性融合步枪,3,S
,闪耀,29,缚丝,适配点射,36,是,箭头制退器,"加速线圈
强化电池","回转弹药
逼入绝境","诱导推销
腹背受敌",Veist尖刺,基本完美的线性融合步枪Roll，也许有天可用元素磨砺,4,S
,疾风跃升,28,虚空,适配点射,33,是,箭头制退器,"加速线圈
强化电池","嫉妒军械库
重建
枯萎凝视","诱导推销
精准工具",Veist尖刺,对爆发型武器来说，嫉妒军械库不如回转弹药,5,S
机枪,,,,,,,,,,,,,,
🖼️,名字,赛季,属性,框架,弹药,可获取,Perk,Perk,Perk 1,Perk 2,原始特性,注释,Rank,Tier
,伊尔·约特之歌,29,电弧,适配,53,是,"箭头制退器
槽化枪管",附加弹匣,"爆破专家
重建
震颤反馈","超级杀戮弹匣
高地
诱导推销",诅咒怨魂,出色起源特质和优秀中立perk,1,S
,束缚化身IV,28,缚丝,高冲击,38,是,"箭头制退器
槽化枪管",加大弹匣,"爆破专家
幼雏
切割","巨脉蜻蜓
击杀记录",加速突击,整体perk组合优秀，框架类型不错,2,S
,热能侵蚀,29,烈日,速射,32,是,"箭头制退器
槽化枪管",附加弹匣,"爆破专家
辉耀炽热","巨脉蜻蜓
燃烧野心
超级杀戮弹匣",御寒装备,整体非常扎实，只需要更好的起源,3,S
,专业记忆,29,缚丝,攻击,45,是,"箭头制退器
槽化枪管",加大弹匣,"爆破专家
重建
撕裂","铤而走险
诱导推销
超级杀戮弹匣",庄家之选,扎实起源和优秀中立perk,4,S
,环形逻辑,29,缚丝,适配,51,是,"箭头制退器
槽化枪管",加大弹匣,"萤火虫
爆破专家
事不过四","超级杀戮弹匣
幼雏
铤而走险",纳米技术追踪导弹,稳定起源，可能是最佳手动换弹机枪选项，仍有爆破专家,5,S
,隐秘观测,27,冰影,攻击,42,是,"箭头制退器
槽化枪管",加大弹匣,"爆破专家
墓碑
嫉妒军械库","蜻蜓
霜华窃取者
击杀记录",详尽研究,扎实起源和优秀中立perk,6,S
,惩戒措施,29,虚空,攻击,50,是,"箭头制退器
槽化枪管",战术弹匣,"失衡弹药
萤火虫
爆破专家","我为人人
瓦解
击杀记录",失时弹匣,优秀起源和不错中立perk，可选择双重溅射/伤害,7,S
,指挥链,29,冰影,适配,54,是,"箭头制退器
槽化枪管",加大弹匣,"墓碑
丰盈满溢","巨脉蜻蜓
爆破专家
铤而走险",万能卡牌,还不错的双重溅射，优秀起源，可选择爆破专家换弹,8,S
,忧愁之鸠,29,虚空,高冲击,44,是,"箭头制退器
槽化枪管",加大弹匣,"失衡弹药
维度偏移
集体爆破","超级杀戮弹匣
巨脉蜻蜓
击杀记录",椭圆轨道,最佳非爆破专家机枪,9,S
,库里姆的终界,29,冰影,高冲击,46,是,"箭头制退器
槽化枪管",战术弹匣,爆破专家,"超级杀戮弹匣
结晶残花
墓碑",火力满溢,终于有可用第一列，其他方面配置扎实,10,S
火箭发射器,,,,,,,,,,,,,,
🖼️,名字,赛季,属性,框架,弹药,可获取,Perk,Perk,Perk 1,Perk 2,原始特性,注释,Rank,Tier
,光芒复仇,29,烈日,攻击,50,是,高速发射,冲击弹壳,"嫉妒军械库
集束炸弹
集体爆破","诱导推销
聚合充能
双脚架",失时弹匣,双重伤害选项，极强起源，双脚架切换选项,1,S
,注视焦点,29,缚丝,适配,47,是,高速发射,冲击弹壳,嫉妒军械库,"聚合充能
诱导推销
双脚架",加速突击,嫉妒军械库 + 不错perk + 加速突击 + 好框架,2,S
,热血上头,29,电弧,适配,34,是,高速发射,冲击弹壳,嫉妒军械库,"聚合充能
元素磨砺
双脚架",加速突击,基本与注视焦点相同,3,S
,何时何地,27,冰影,适配,38,是,高速发射,冲击弹壳,"小丑皇弹药筒
重建
丰盈满溢","诱导推销
元素磨砺
双脚架",参考框架,缺少嫉妒军械库，但作为爆发专精武器其他方面出色,4,S
,核心星辰IV,29,缚丝,攻击,22,是,高速发射,冲击弹壳,"重建
小丑皇弹药筒","聚合充能
元素磨砺
双脚架",万能卡牌,基本上是起源更差的何时何地,5,S
,轰鸣巨人,29,虚空,适配,48,是,高速发射,冲击弹壳,持久印象,"聚合充能
收割者贡品
双脚架",煅炉眷属,perk不错，但单次爆发很尴尬,6,S
,熊啸,29,烈日,高冲击,38,是,高速发射,冲击弹壳,"爆炸光能
重建","收割者贡品
双脚架",藏匿之狼,真正的双重伤害perk，但需要找到爆发方式,7,S
,巅峰捕食者,29,烈日,适配,33,是,高速发射,冲击弹壳,"重建
集束炸弹
连锁反应","诱导推销
收割者贡品
双脚架",爆炸协议,集束炸弹带来双重伤害，只是起源比光芒复仇差,8,S
刀剑,,,,,,,,,,,,,,
🖼️,名字,赛季,属性,框架,弹药,可获取,Perk,Perk,Perk 1,Perk 2,原始特性,注释,Rank,Tier
,和风,29,冰影,适配,20,60,"锯齿刀锋
回火刀锋","剑圣刀剑格
重型刀剑格","腹背受敌
冷冻钢铁
旋风利刃","腹背受敌
冷冻钢铁
旋风利刃",曙光惊喜,先假定是非预期，否则就是游戏中最佳DPS刀剑,1,S
,毒鲉,27,烈日,波形,50,62,"锯齿刀锋
回火刀锋","剑圣刀剑格
重型刀剑格","无情打击
羸弱能量球
尖锐收割","元素磨砺
急切刀锋
燃烧野心",坚韧,尖锐收割搭配急切刀锋很有意思，伤害也出色,2,S
,急锋,29,冰影,涡流,20,60,"锯齿刀锋
回火刀锋","剑圣刀剑格
重型刀剑格","急切刀锋
连锁反应
无情打击","冷冻钢铁
混沌重塑
腹背受敌",加速突击,仍是综合最佳急切刀锋刀剑,3,S
,虚假偶像,29,烈日,涡流,20,60,"锯齿刀锋
回火刀锋","剑圣刀剑格
重型刀剑格","无情打击
羸弱能量球
急切刀锋","诱导推销
腹背受敌
元素磨砺",庄家之选,因没有冷冻钢铁，实用性不如急锋，但仍不错,4,S
,阴沉利爪,28,虚空,轻质,50,62,"锯齿刀锋
回火刀锋","剑圣刀剑格
重型刀剑格","急切刀锋
斩首武器
无情打击","刺客剑刃
旋风利刃
失衡弹药",帝国效忠,最佳轻攻击中立表现，冲击提升后伤害尚可,5,S
,三色矛头蝮-4bl,29,烈日,轻质,50,58,"锯齿刀锋
回火刀锋","剑圣刀剑格
重型刀剑格","无情打击
燃烧野心
急切刀锋","混沌重塑
聚合充能
旋风利刃",Veist尖刺,轻质急切刀锋，带新颖伤害perk组合,6,S
,遗赠,29,电弧,适配,70,70,"锯齿刀锋
回火刀锋","剑圣刀剑格
重型刀剑格","无情打击
震颤反馈","腹背受敌
元素磨砺
转向",布瑞遗产,最佳腹背受敌DPS刀剑,7,S
其他,,,,,,,,,,,,,,
🖼️,名字,赛季,属性,框架,弹药,可获取,Perk,Perk,Perk 1,Perk 2,原始特性,注释,Rank,Tier
,隐晦沙漏,27,电弧,高冲击,47,是,超轻导轨,"充能弩弹
锯齿弩弹
重型弩弹","脉冲增幅器
萤火虫
弩弹拾荒者","元素磨砺
蜻蜓
火线",参考框架,没有双重伤害，但换弹/伤害perk扎实,,
,沉没,27,冰影,高冲击,26,是,超轻导轨,"充能弩弹
锯齿弩弹
重型弩弹","自动填装枪套
弩弹拾荒者
光中藏弹","聚合充能
墓碑
冰冷弹匣",奋斗串联,很酷的清怪选项,,
,好建议,28,虚空,高冲击,60,是,超轻导轨,"充能弩弹
锯齿弩弹
重型弩弹","嫉妒军械库
弩弹拾荒者
枯萎凝视","高地
盒式呼吸法",加速突击,如果高地可用于首领，就是潜在伤害选项,,
,无礼言论,28,电弧,动态（180RPM）,65,是,槽化枪管,"电离散热器
超频散热器","空中扳机
冷却饰物","精准工具
铤而走险",加速突击,目前LP毕业级,,
,翻新A499,28,动能,干扰,26,是,槽化枪管,广口弹匣,"速射瞄准
移动目标
迷惑爆发",聚合充能,加速突击,同类首把；强力框架类型但第一列一般,,
,Ψ永恒IV,28,电弧,微型导弹,11,是,"高速发射
高爆弹药","加大弹匣
战术弹匣","涓流充能
爆破分配器
涡流电流","元素磨砺
我为人人
震颤反馈
",加速突击,换弹perk不如完美逆行，但仍可用,,
,韦兰迪夫-D,29,烈日,微型导弹,25,是,"高速发射
高爆弹药","加大弹匣
战术弹匣","空中扳机
治疗弹匣
爆破分配器","辉耀炽热
铤而走险
燃烧野心",Häkke突入武装,游击方面perk比Ψ永恒更好,,
,完美逆行,29,缚丝,微型导弹,9,是,"高速发射
高爆弹药","加大弹匣
战术弹匣","沙场备战
信标弹药
幼雏
","武器大师
狂乱
级联点
",加速突击,出色弹药生成 + 游击 + 伤害perk,,
